timestamp,temperature,humidity,light,pressure
2024-03-03 13:24:52.804485,25.0,36.73,77.29,992.66
2024-03-03 13:24:55.877002,25.05,36.06,75.74,992.82
2024-03-03 13:24:58.975084,25.11,42.86,79.1,993.11
2024-03-03 13:25:02.096014,25.16,39.0,75.16,991.83
2024-03-03 13:25:05.169836,25.22,43.71,75.85,991.3
2024-03-03 13:25:08.253312,25.27,42.51,79.95,993.4
2024-03-03 13:25:11.645136,25.32,41.58,77.99,993.41
2024-03-03 13:25:14.752296,25.37,40.53,78.56,993.79
2024-03-03 13:25:17.955779,25.42,37.73,76.61,994.36
2024-03-03 13:25:21.804804,25.49,44.25,78.31,993.13
2024-03-03 13:25:25.011609,25.53,42.66,76.43,990.39
2024-03-03 13:25:28.265219,25.58,40.78,78.8,994.45
2024-03-03 13:25:31.342043,25.62,36.06,77.96,994.02
2024-03-03 13:25:34.425129,25.67,40.96,75.89,990.51
2024-03-03 13:25:37.523434,25.7,41.41,79.91,991.0
2024-03-03 13:25:40.605800,25.74,41.19,78.83,990.22
2024-03-03 13:25:43.709796,25.78,41.48,78.54,993.71
2024-03-03 13:25:46.809365,25.81,38.46,77.91,992.2
2024-03-03 13:25:49.879357,25.84,44.43,78.12,990.17
2024-03-03 13:25:52.992092,25.87,39.47,77.17,992.76
2024-03-03 13:25:56.077770,25.89,38.92,79.46,992.88
2024-03-03 13:25:59.503003,25.92,43.3,78.53,991.01
2024-03-03 13:26:02.769739,25.94,37.14,76.82,991.45
2024-03-03 13:26:05.849751,25.96,42.19,77.86,993.18
2024-03-03 13:26:08.986955,25.97,43.15,79.55,994.54
2024-03-03 13:26:12.067802,25.98,37.19,79.09,990.8
2024-03-03 13:26:15.426033,25.99,43.56,79.71,993.02
2024-03-03 13:26:18.816247,26.0,42.65,79.16,992.29
2024-03-03 13:26:21.901891,26.0,36.29,77.16,992.95
2024-03-03 13:26:25.003528,26.0,39.25,79.71,992.57
2024-03-03 13:26:28.079065,26.0,40.48,76.21,992.07
2024-03-03 13:26:31.487472,25.99,36.5,75.63,990.35
2024-03-03 13:26:34.873659,25.98,40.16,75.32,993.42
2024-03-03 13:26:37.966708,25.96,42.65,75.69,991.67
2024-03-03 13:26:41.082430,25.95,42.25,77.96,994.42
2024-03-03 13:26:44.169750,25.93,36.33,78.44,991.53
2024-03-03 13:26:47.659451,25.91,41.3,79.5,992.64
2024-03-03 13:26:51.006610,25.88,40.18,78.28,991.03
2024-03-03 13:26:54.084119,25.85,44.79,77.51,994.9
2024-03-03 13:26:57.196085,25.82,35.36,77.15,991.25
2024-03-03 13:27:00.307103,25.79,35.32,78.17,991.45
2024-03-03 13:27:03.702572,25.76,41.37,79.11,990.48
2024-03-03 13:27:07.061456,25.72,44.94,76.41,990.64
2024-03-03 13:27:10.142552,25.68,44.78,75.59,993.57
2024-03-03 13:27:13.260806,25.64,38.74,79.68,990.12
2024-03-03 13:27:16.360050,25.59,40.89,78.0,992.23
2024-03-03 13:27:19.726991,25.55,40.65,77.49,993.22
2024-03-03 13:27:23.099485,25.49,39.04,76.09,992.53
2024-03-03 13:27:26.181953,25.45,39.91,77.6,990.43
2024-03-03 13:27:29.299565,25.4,42.13,79.39,991.76
2024-03-03 13:27:32.375333,25.35,41.2,79.97,993.83
2024-03-03 13:27:35.828725,25.29,36.14,77.89,994.31
2024-03-03 13:27:39.201551,25.23,39.68,77.13,994.19
2024-03-03 13:27:42.279882,25.18,42.85,76.42,991.31
2024-03-03 13:27:45.406604,25.13,42.51,77.12,991.96
2024-03-03 13:27:48.487079,25.07,42.75,75.6,992.16
2024-03-03 13:27:51.975034,25.02,37.15,76.59,991.93
2024-03-03 13:27:55.367889,24.95,42.88,79.64,990.48
2024-03-03 13:27:58.452170,24.9,39.25,76.6,992.47
2024-03-03 13:28:01.563883,24.85,38.24,76.98,993.43
2024-03-03 13:28:04.644137,24.79,35.82,79.37,992.77
2024-03-03 13:28:08.020426,24.74,37.83,75.55,992.26
2024-03-03 13:28:11.328289,24.68,44.23,78.23,990.34
2024-03-03 13:28:14.416332,24.63,36.78,77.17,994.32
2024-03-03 13:28:17.528179,24.58,43.64,76.41,994.19
2024-03-03 13:28:20.624950,24.53,35.53,76.75,994.94
2024-03-03 13:28:23.971692,24.48,43.6,79.6,992.51
2024-03-03 13:28:27.209366,24.43,44.43,79.18,994.14
2024-03-03 13:28:30.283934,24.39,43.65,76.94,991.12
2024-03-03 13:28:33.393813,24.35,41.47,79.69,990.93
2024-03-03 13:28:36.487643,24.31,39.17,76.22,991.51
2024-03-03 13:28:39.998101,24.27,37.99,78.71,991.82
2024-03-03 13:28:43.348452,24.23,37.36,75.68,994.67
2024-03-03 13:28:46.439970,24.19,40.04,76.54,993.16
2024-03-03 13:28:49.555310,24.16,38.07,79.73,991.81
2024-03-03 13:28:52.658742,24.13,38.2,77.24,992.44
2024-03-03 13:28:55.937799,24.11,36.73,76.75,991.38
2024-03-03 13:28:59.398445,24.08,38.89,76.6,993.25
2024-03-03 13:29:02.484404,24.06,42.98,77.62,994.14
2024-03-03 13:29:05.601896,24.04,42.03,75.61,993.15
2024-03-03 13:29:08.706752,24.03,38.33,79.8,993.41
2024-03-03 13:29:12.190900,24.02,35.17,79.9,991.14
2024-03-03 13:29:15.660270,24.01,36.37,78.28,991.43
2024-03-03 13:29:18.750657,24.0,38.02,75.59,994.23
2024-03-03 13:29:21.879259,24.0,42.19,79.19,991.18
2024-03-03 13:29:24.990775,24.0,44.89,79.66,991.93
2024-03-03 13:29:28.229317,24.0,41.96,77.32,994.75
2024-03-03 13:29:31.611849,24.01,38.06,76.78,992.62
2024-03-03 13:29:34.691758,24.02,37.89,78.19,993.87
2024-03-03 13:29:37.881921,24.03,39.81,79.95,992.43
2024-03-03 13:29:41.001629,24.05,41.52,79.72,990.84
2024-03-03 13:29:44.375129,24.07,38.4,79.76,991.5
2024-03-03 13:29:47.748034,24.09,35.05,76.92,994.13
2024-03-03 13:29:50.862102,24.12,35.35,77.99,991.65
2024-03-03 13:29:54.020485,24.15,35.81,77.39,994.88
2024-03-03 13:29:57.114252,24.17,37.98,76.48,992.59
2024-03-03 13:30:00.330243,24.21,41.9,79.69,992.49
2024-03-03 13:30:03.663800,24.24,39.28,77.92,990.16
2024-03-03 13:30:06.757275,24.28,40.55,79.48,991.17
2024-03-03 13:30:09.876065,24.32,42.02,75.57,990.83
2024-03-03 13:30:12.985557,24.36,39.81,79.44,993.06
2024-03-03 13:30:16.314261,24.4,35.98,79.96,994.89
2024-03-03 13:30:19.756918,24.46,41.77,78.24,993.75
2024-03-03 13:30:27.995553,25.0,35.02,75.88,993.66
2024-03-03 13:30:31.151115,25.06,41.43,79.7,992.06
2024-03-03 13:30:34.236231,25.11,39.38,79.33,994.3
2024-03-03 13:30:37.678578,25.17,38.2,76.14,994.68
2024-03-03 13:30:40.750470,25.22,43.82,75.26,994.17
2024-03-03 13:30:44.041614,25.28,38.12,79.84,993.29
2024-03-03 13:30:47.116072,25.33,35.72,79.13,990.82
2024-03-03 13:30:50.688203,25.39,37.81,78.71,992.54
2024-03-03 13:30:53.778806,25.44,37.12,76.89,990.08
2024-03-03 13:30:56.945413,25.49,39.04,76.38,993.62
2024-03-03 13:31:00.265807,25.54,35.14,76.75,991.29
2024-03-03 13:42:46.157886,25.0,35.66,79.32,993.88
2024-03-03 13:42:49.575661,25.06,38.44,79.96,992.75
2024-03-03 13:42:52.689960,25.12,43.41,75.03,991.48
2024-03-03 13:42:55.780050,25.17,42.21,75.61,991.03
2024-03-03 13:42:59.098026,25.22,37.02,77.8,992.59
2024-03-03 13:43:02.561386,25.28,38.72,76.93,994.01
2024-03-03 13:43:05.636760,25.33,41.67,79.05,990.79
2024-03-03 13:43:08.721084,25.38,44.89,77.85,993.16
2024-03-03 13:43:11.799849,25.43,36.28,77.84,992.84
2024-03-03 13:43:15.023092,25.48,40.8,76.03,993.01
2024-03-03 13:43:18.110323,25.53,37.35,78.77,992.88
2024-03-03 13:43:21.179422,25.58,41.95,76.6,991.22
2024-03-03 13:43:24.256030,25.62,43.26,76.37,994.42
2024-03-03 13:43:27.330333,25.66,37.75,76.75,991.92
2024-03-03 13:43:30.554896,25.7,40.97,76.6,993.45
2024-03-03 13:43:33.915916,25.74,38.1,76.4,994.23
2024-03-03 13:43:36.985752,25.78,41.17,78.19,991.78
2024-03-03 13:43:40.068012,25.81,37.71,76.85,990.78
2024-03-03 13:43:43.140152,25.84,38.77,75.98,994.61
2024-03-03 13:43:46.669305,25.87,35.64,79.77,991.84
2024-03-03 13:43:49.992119,25.9,37.29,78.38,990.23
2024-03-03 13:43:53.066666,25.92,42.64,79.81,992.7
2024-03-03 13:43:56.144684,25.94,41.22,79.13,993.95
2024-03-03 13:43:59.217795,25.96,35.37,75.73,992.04
2024-03-03 13:44:02.699329,25.97,44.12,79.11,993.87
2024-03-03 13:44:05.835932,25.98,39.0,75.56,994.87
2024-03-03 13:44:08.944152,25.99,36.57,75.58,990.03
2024-03-03 13:44:12.023534,26.0,42.97,75.45,993.03
2024-03-03 14:08:03.505231,25.02,44.62,78.33,993.14
2024-03-03 14:08:06.619307,25.07,42.64,77.83,990.85
2024-03-03 14:08:09.713760,25.12,41.25,77.12,993.39
2024-03-05 23:10:22.278325,25.66,36.89,77.4,991.42
2024-03-05 23:10:25.473182,25.62,44.28,77.95,991.73
2024-03-05 23:10:28.707655,25.57,44.47,77.94,993.82
2024-03-05 23:10:31.785097,25.53,42.58,75.22,990.25
2024-03-05 23:10:34.853058,25.48,36.58,78.07,994.17
2024-03-05 23:10:37.915872,25.43,41.93,75.91,994.5
2024-03-05 23:10:40.974706,25.39,40.98,79.11,993.09
2024-03-05 23:10:44.047358,25.34,43.33,75.09,991.87
2024-03-05 23:10:47.112354,25.29,43.36,79.61,992.3
2024-03-05 23:10:50.228069,25.23,41.11,79.14,991.73
2024-03-05 23:10:53.289544,25.18,44.89,77.37,991.65
2024-03-05 23:10:56.362529,25.13,39.51,75.49,991.3
2024-03-05 23:10:59.440293,25.07,40.62,78.04,994.29
2024-03-05 23:11:02.506475,25.02,44.59,77.96,992.84
2024-03-05 23:11:05.569493,24.97,40.93,75.12,992.54
2024-03-05 23:11:08.642818,24.91,40.72,76.18,994.95
2024-03-05 23:11:11.716020,24.86,43.4,79.67,992.09
2024-03-05 23:11:14.790670,24.81,35.56,76.83,990.11
2024-03-05 23:11:17.856269,24.76,35.96,79.92,992.43
2024-03-05 23:11:20.949156,24.7,37.46,78.99,992.94
2024-03-05 23:11:24.016946,24.65,40.71,75.75,990.0
2024-03-05 23:11:27.084585,24.6,42.33,75.3,990.64
2024-03-05 23:11:30.179705,24.55,42.92,75.66,991.7
2024-03-05 23:11:33.249247,24.51,41.5,79.88,992.49
2024-03-05 23:11:36.310297,24.46,41.91,77.33,990.94
2024-03-05 23:11:39.373163,24.42,35.79,79.64,990.13
2024-03-05 23:11:42.437700,24.37,39.92,77.38,993.81
2024-03-05 23:11:45.516010,24.33,41.13,76.39,994.85
2024-03-05 23:11:48.582909,24.29,37.24,79.13,992.47
2024-03-05 23:11:51.686391,24.26,36.47,76.94,991.06
2024-03-05 23:11:54.771374,24.22,35.48,79.64,993.76
2024-03-05 23:11:57.874964,24.19,39.63,76.59,994.19
2024-03-05 23:12:01.021424,24.16,41.56,77.68,990.44
2024-03-05 23:12:04.122717,24.13,36.04,79.2,991.23
2024-03-05 23:12:07.213481,24.1,42.86,77.13,993.86
2024-03-05 23:12:10.303860,24.08,39.47,75.56,993.41
2024-03-05 23:12:13.439158,24.06,44.13,77.76,992.81
2024-03-05 23:12:16.558031,24.04,36.54,76.41,993.49
2024-03-05 23:12:19.693158,24.03,39.5,76.34,992.34
2024-03-05 23:12:22.805932,24.02,36.62,76.14,990.34
2024-03-05 23:12:25.932077,24.01,39.37,77.41,992.4
2024-03-05 23:12:29.552714,24.0,35.5,79.14,990.21
2024-03-05 23:12:32.661719,24.0,43.78,75.89,994.88
2024-03-05 23:12:35.751014,24.0,41.26,79.47,994.29
2024-03-05 23:12:38.860510,24.0,38.95,78.7,990.68
2024-03-05 23:12:41.999719,24.01,37.22,77.29,993.79
2024-03-05 23:12:45.120448,24.02,40.6,76.06,992.53
2024-03-05 23:12:48.280217,24.03,38.12,79.97,993.13
2024-03-05 23:12:51.382715,24.05,39.4,79.02,990.76
2024-03-05 23:12:54.483424,24.07,36.7,78.01,993.64
2024-03-05 23:12:57.572277,24.09,44.92,75.62,993.09
2024-03-05 23:13:00.683087,24.11,41.76,76.95,991.49
2024-03-05 23:13:03.792126,24.13,37.73,78.97,993.38
2024-03-05 23:13:06.967844,24.16,36.76,76.67,993.08
2024-03-05 23:13:10.086645,24.2,42.52,75.89,991.6
2024-03-05 23:13:13.180892,24.23,36.29,77.89,994.61
2024-03-05 23:13:16.290207,24.26,35.1,75.57,992.67
2024-03-05 23:13:19.381964,24.3,41.78,77.56,994.24
2024-03-05 23:13:22.475065,24.34,40.4,76.69,990.96
2024-03-05 23:13:25.589698,24.38,41.75,76.21,991.33
2024-03-05 23:13:28.685192,24.43,43.32,75.97,992.32
2024-03-05 23:13:31.771858,24.47,42.06,76.03,992.89
2024-03-05 23:13:34.837172,24.52,37.57,78.11,993.12
2024-03-05 23:13:37.911048,24.57,39.88,77.57,990.89
2024-03-05 23:13:40.973842,24.61,40.28,76.08,991.42
2024-03-05 23:13:44.347189,24.67,44.84,79.2,992.85
2024-03-05 23:13:47.428772,24.72,44.62,78.98,990.15
2024-03-05 23:13:50.500663,24.77,39.28,79.46,994.41
2024-03-05 23:13:53.617418,24.83,41.59,79.2,994.9
2024-03-05 23:13:56.688310,24.88,38.56,75.97,992.62
2024-03-05 23:13:59.806876,24.93,37.18,75.07,993.17
2024-03-05 23:14:02.870190,24.99,38.43,75.43,993.94
2024-03-05 23:14:05.935325,25.04,38.83,77.48,993.74
2024-03-05 23:14:09.001620,25.09,43.54,75.68,991.96
2024-03-05 23:14:12.070012,25.15,42.44,77.17,993.05
2024-03-05 23:14:15.148815,25.2,35.77,76.47,990.69
2024-03-05 23:14:18.213741,25.25,39.49,77.82,991.27
2024-03-05 23:14:21.276973,25.3,41.16,77.55,992.02
2024-03-05 23:14:24.337948,25.35,36.08,78.44,991.67
2024-03-05 23:14:27.437530,25.4,39.35,79.44,991.12
2024-03-05 23:14:30.562233,25.45,44.91,78.16,994.4
2024-03-05 23:14:33.630715,25.5,38.27,78.65,991.95
2024-03-05 23:14:36.695228,25.54,35.91,79.43,991.18
2024-03-05 23:14:39.760429,25.59,44.27,75.79,992.83
2024-03-05 23:14:42.826859,25.63,39.8,77.6,993.04
2024-03-05 23:14:45.908225,25.67,39.12,75.15,993.52
2024-03-05 23:14:48.976371,25.71,42.57,76.63,991.37
2024-03-05 23:14:52.065809,25.75,43.63,79.87,991.7
2024-03-05 23:14:55.196368,25.78,40.42,77.48,993.02
2024-03-05 23:14:58.259468,25.81,37.88,79.32,992.04
2024-03-05 23:15:01.377361,25.85,42.69,79.85,994.77
2024-03-05 23:15:04.444013,25.87,37.08,77.88,994.27
2024-03-05 23:15:07.513131,25.9,42.92,75.38,992.49
2024-03-05 23:15:10.576748,25.92,39.4,77.31,991.73
2024-03-05 23:15:13.642989,25.94,44.48,78.57,994.15
2024-03-05 23:15:16.722631,25.96,38.94,78.37,991.61
2024-03-05 23:15:19.821830,25.97,42.33,78.65,993.32
2024-03-05 23:15:22.886302,25.98,37.71,75.77,994.21
2024-03-05 23:15:25.950961,25.99,37.63,79.63,992.88
2024-03-05 23:15:29.016790,26.0,40.13,76.34,991.26
2024-03-05 23:15:32.379496,26.0,44.06,77.78,990.45
2024-03-05 23:15:35.446627,26.0,42.88,76.86,992.09
2024-03-05 23:15:38.512057,26.0,43.74,79.88,993.38
2024-03-05 23:15:41.613112,25.99,40.64,75.34,990.29
2024-03-05 23:15:44.694219,25.98,36.13,78.41,991.85
2024-03-05 23:15:47.796162,25.97,44.77,79.96,993.29
2024-03-05 23:15:50.860375,25.96,43.15,78.38,993.64
2024-03-05 23:15:53.927951,25.94,41.87,79.06,993.41
2024-03-05 23:15:56.990240,25.92,43.07,78.72,992.03
2024-03-05 23:16:00.070925,25.9,37.99,79.61,992.26
2024-03-05 23:16:03.137538,25.87,40.46,78.47,993.29
2024-03-05 23:16:06.236805,25.84,38.66,77.57,994.89
2024-03-05 23:16:09.303745,25.81,42.24,75.92,992.22
2024-03-05 23:16:12.371674,25.78,44.23,78.33,994.39
2024-03-05 23:16:15.454614,25.75,42.59,79.19,990.84
2024-03-05 23:16:18.545447,25.71,35.9,75.21,994.78
2024-03-05 23:16:21.615987,25.67,37.59,77.7,993.02
2024-03-05 23:16:24.679826,25.63,37.15,75.58,994.27
2024-03-05 23:16:27.782874,25.59,41.59,79.11,990.47
2024-03-05 23:16:30.894250,25.54,36.72,78.02,992.4
2024-03-05 23:16:33.959403,25.5,44.34,76.98,994.26
2024-03-05 23:16:37.029588,25.45,44.1,75.95,991.41
2024-03-05 23:16:40.095191,25.4,39.94,76.99,990.87
2024-03-05 23:16:43.159674,25.35,41.03,79.64,994.47
2024-03-05 23:16:46.248179,25.3,35.95,75.53,990.49
2024-03-05 23:16:49.322519,25.25,43.76,75.17,992.44
2024-03-05 23:16:52.391926,25.2,36.7,75.01,992.58
2024-03-05 23:16:54.173340,25.0,43.35,75.2,990.37
2024-03-05 23:16:57.423473,25.06,35.06,77.02,993.92
2024-03-05 23:17:00.716093,25.12,36.93,77.34,994.04
2024-03-05 23:17:04.200759,25.17,42.16,77.61,994.33
2024-03-05 23:17:07.550321,25.23,38.87,75.0,992.22
2024-03-05 23:17:10.687179,25.29,44.96,77.83,991.32
2024-03-05 23:17:13.769725,25.34,35.52,75.77,990.68
2024-03-05 23:17:16.907486,25.39,39.39,77.67,991.76
2024-03-05 23:17:19.972415,25.44,41.09,77.19,990.44
2024-03-05 23:17:23.038854,25.48,37.04,75.43,992.67
2024-03-05 23:17:26.104627,25.53,35.84,76.06,991.51
2024-03-05 23:17:29.184658,25.57,36.35,77.34,993.61
2024-03-05 23:17:32.252336,25.62,41.04,77.01,990.29
2024-03-05 23:17:35.360113,25.66,36.31,78.82,992.56
2024-03-05 23:17:38.424856,25.7,44.71,79.83,993.98
2024-03-05 23:17:41.492502,25.74,35.64,76.62,990.38
2024-03-05 23:17:44.572253,25.77,42.59,75.52,994.71
2024-03-05 23:17:47.647815,25.8,44.89,77.5,993.8
2024-03-05 23:17:50.712933,25.83,36.09,76.89,991.87
2024-03-05 23:17:53.778735,25.86,38.11,75.6,993.26
2024-03-05 23:17:56.901324,25.89,36.14,79.99,993.04
2024-03-05 23:18:00.026583,25.91,40.81,75.05,993.76
2024-03-05 23:18:03.094240,25.93,37.94,75.84,990.77
2024-03-05 23:18:06.160326,25.95,38.48,79.27,994.94
2024-03-05 23:18:09.230923,25.97,35.34,79.94,994.13
2024-03-05 23:18:12.297899,25.98,40.1,76.65,993.81
2024-03-05 23:18:15.381236,25.99,42.24,77.36,992.72
2024-03-05 23:18:18.491462,26.0,42.59,77.12,994.98
2024-03-05 23:18:21.558034,26.0,37.64,79.47,991.0
2024-03-05 23:18:24.626058,26.0,43.89,77.13,991.65
2024-03-05 23:18:27.889316,26.0,35.96,79.63,994.07
2024-03-05 23:18:31.150777,25.99,39.44,78.03,993.57
2024-03-05 23:18:34.225662,25.98,43.46,76.52,994.32
2024-03-05 23:18:37.290546,25.97,43.02,76.36,994.57
2024-03-05 23:18:40.404968,25.96,39.58,79.42,991.88
2024-03-05 23:18:43.486102,25.94,39.1,79.25,994.22
2024-03-05 23:18:46.556031,25.92,35.98,75.21,990.94
2024-03-05 23:18:49.622224,25.9,40.79,75.03,993.99
2024-03-05 23:18:52.689920,25.88,41.75,77.85,990.41
2024-03-05 23:18:55.755183,25.85,43.42,79.29,990.55
2024-03-05 23:18:58.839547,25.82,38.88,76.93,990.46
2024-03-05 23:19:01.941868,25.79,37.31,79.28,994.59
2024-03-05 23:19:05.011744,25.76,37.96,79.64,992.89
2024-03-05 23:19:08.086564,25.72,38.46,76.5,992.51
2024-03-05 23:19:11.159320,25.68,43.02,78.21,990.48
2024-03-05 23:19:14.238226,25.64,39.86,76.05,993.7
2024-03-05 23:19:17.344882,25.6,44.43,76.6,991.6
2024-03-05 23:19:20.448093,25.55,38.15,77.59,991.85
2024-03-05 23:19:23.516684,25.51,43.19,78.4,993.62
2024-03-05 23:19:26.585728,25.46,36.18,78.87,991.37
2024-03-05 23:19:29.665770,25.41,39.69,78.79,994.7
2024-03-05 23:19:32.739301,25.36,42.97,78.12,991.66
2024-03-05 23:19:35.811858,25.31,41.55,78.85,994.03
2024-03-05 23:19:38.918728,25.26,43.29,79.67,992.95
2024-03-05 23:19:41.987437,25.21,39.3,77.0,991.17
2024-03-05 23:19:45.068606,25.16,41.42,75.6,991.04
2024-03-05 23:19:48.144362,25.1,35.26,75.76,993.15
2024-03-05 23:19:51.216183,25.05,41.23,76.42,994.04
2024-03-05 23:19:54.285044,25.0,44.92,78.52,990.74
2024-03-05 23:19:57.388152,24.94,41.02,77.86,991.65
2024-03-05 23:20:00.474428,24.89,40.93,78.78,993.02
2024-03-05 23:20:03.550609,24.84,40.56,78.42,992.0
2024-03-05 23:20:06.619669,24.78,43.84,77.09,990.28
2024-03-05 23:20:09.689244,24.73,40.67,79.91,991.21
2024-03-05 23:20:12.800639,24.68,43.31,79.56,991.47
2024-03-05 23:20:15.923221,24.63,41.37,79.49,992.55
2024-03-05 23:20:18.989551,24.58,37.48,78.31,994.88
2024-03-05 23:20:22.055385,24.53,39.13,76.11,991.23
2024-03-05 23:20:25.120478,24.48,37.81,78.43,992.67
2024-03-05 23:20:28.448351,24.44,44.17,78.71,990.92
2024-03-05 23:20:31.544350,24.39,44.15,78.96,992.6
2024-03-05 23:20:34.620932,24.35,42.48,76.47,991.85
2024-03-05 23:20:37.688812,24.31,42.95,78.51,993.88
2024-03-05 23:20:40.755985,24.27,36.04,76.92,991.73
2024-03-05 23:20:43.838808,24.24,37.66,79.16,991.13
2024-03-05 23:20:46.908466,24.2,36.0,78.34,990.93
2024-03-05 23:20:50.016934,24.17,42.52,76.74,994.93
2024-03-05 23:20:53.093719,24.14,40.42,76.37,991.82
2024-03-05 23:20:56.169294,24.12,42.25,75.64,992.67
2024-03-05 23:20:59.253428,24.09,43.85,78.01,993.68
2024-03-05 23:21:02.323540,24.07,43.24,75.47,991.07
2024-03-05 23:21:05.393148,24.05,35.56,78.04,992.73
2024-03-05 23:21:08.496298,24.04,44.0,78.57,994.48
2024-03-05 23:21:11.564664,24.02,39.38,78.05,991.03
2024-03-05 23:21:14.647571,24.01,36.86,75.96,993.22
2024-03-05 23:21:17.716524,24.01,38.98,75.52,992.18
2024-03-05 23:21:20.786317,24.0,42.01,75.27,991.47
2024-03-05 23:21:23.853940,24.0,36.64,77.52,993.72
2024-03-05 23:21:26.960619,24.0,41.72,78.06,992.12
2024-03-05 23:21:30.050395,24.01,36.91,77.63,991.35
2024-03-05 23:21:33.120866,24.01,38.62,76.04,991.46
2024-03-05 23:21:36.189793,24.02,44.53,77.88,993.24
2024-03-05 23:21:39.260144,24.03,44.09,76.13,992.24
2024-03-05 23:21:42.371963,24.05,38.12,76.71,994.26
2024-03-05 23:21:45.510697,24.07,39.28,75.02,994.69
2024-03-05 23:21:48.582316,24.09,40.36,75.15,990.62
2024-03-05 23:21:51.653169,24.11,39.62,79.81,995.0
2024-03-05 23:21:54.721541,24.14,37.8,75.86,993.17
2024-03-05 23:21:57.788767,24.17,35.86,78.96,993.31
2024-03-05 23:22:00.873963,24.2,40.81,77.26,994.73
2024-03-05 23:22:03.941846,24.23,44.23,78.03,992.06
2024-03-05 23:22:07.009158,24.27,43.71,76.27,993.33
2024-03-05 23:22:10.075572,24.31,42.26,79.16,990.59
2024-03-05 23:22:13.218237,24.34,42.96,78.58,993.51
2024-03-05 23:22:16.538210,24.39,37.8,77.01,990.42
2024-03-05 23:22:19.606935,24.43,37.37,78.22,992.05
2024-03-05 23:22:22.712265,24.48,44.6,78.44,990.77
2024-03-05 23:22:25.781195,24.53,35.98,78.72,991.76
2024-03-05 23:22:28.864505,24.57,39.92,77.4,990.89
2024-03-05 23:22:31.935200,24.62,40.6,77.06,993.35
2024-03-05 23:22:35.005111,24.67,35.46,77.8,990.04
2024-03-05 23:22:38.077863,24.72,41.19,75.08,992.44
2024-03-05 23:22:41.182086,24.78,43.02,75.63,991.86
2024-03-05 23:22:44.252818,24.83,42.72,75.31,991.84
2024-03-05 23:22:47.323425,24.88,37.41,78.2,994.51
2024-03-05 23:22:50.389616,24.94,42.44,79.62,990.79
2024-03-05 23:22:53.459526,24.99,39.01,77.91,992.17
2024-03-05 23:22:56.566781,25.04,35.34,77.81,990.6
2024-03-05 23:22:59.638828,25.1,42.17,75.1,994.36
2024-03-05 23:23:02.706972,25.15,36.29,77.65,990.31
2024-03-05 23:23:05.775946,25.2,44.5,76.28,994.51
2024-03-05 23:23:08.843187,25.25,42.8,78.84,992.75
2024-03-05 23:23:11.920504,25.31,40.57,79.95,993.89
2024-03-05 23:23:15.031400,25.36,41.72,75.23,991.04
2024-03-05 23:23:18.102968,25.41,40.79,78.3,991.5
2024-03-05 23:23:21.172482,25.46,40.77,77.17,994.79
2024-03-05 23:23:24.245597,25.5,39.53,76.71,993.17
2024-03-05 23:23:27.316261,25.55,44.2,77.94,994.39
2024-03-05 23:23:30.434018,25.59,40.96,79.89,991.51
2024-03-05 23:23:32.435182,25.0,41.51,78.71,992.0
2024-03-05 23:23:35.509029,25.05,42.16,78.34,991.11
2024-03-05 23:23:38.646021,25.11,42.13,76.18,993.55
2024-03-05 23:23:41.716408,25.16,42.94,75.02,993.42
2024-03-05 23:23:45.044689,25.22,44.77,75.83,991.89
2024-03-05 23:23:48.567260,25.28,44.18,75.78,993.63
2024-03-05 23:23:51.868409,25.33,42.4,78.3,994.94
2024-03-05 23:23:55.050651,25.39,41.58,79.55,990.17
2024-03-05 23:23:58.150414,25.43,36.72,79.77,994.36
2024-03-05 23:24:01.274623,25.48,36.41,76.73,990.99
2024-03-05 23:24:04.375832,25.53,44.36,79.66,991.44
2024-03-05 23:24:07.474007,25.57,43.83,79.3,994.68
2024-03-05 23:24:10.612640,25.62,39.56,78.56,990.82
2024-03-05 23:24:13.713052,25.66,40.96,75.77,994.4
2024-03-05 23:24:16.831544,25.7,44.24,77.32,993.48
2024-03-05 23:24:19.933576,25.74,44.15,79.71,990.26
2024-03-05 23:24:23.034876,25.77,40.64,79.33,993.37
2024-03-05 23:24:26.184917,25.81,39.31,76.36,993.73
2024-03-05 23:24:29.536113,25.84,35.06,76.72,991.36
2024-03-05 23:24:32.657457,25.87,41.16,77.54,992.47
2024-03-05 23:24:35.900662,25.89,42.07,77.52,992.54
2024-03-05 23:24:39.071994,25.92,35.87,78.94,994.8
2024-03-05 23:24:42.175134,25.94,44.03,76.91,991.65
2024-03-05 23:24:45.294201,25.96,36.56,78.08,991.6
2024-03-05 23:24:48.393924,25.97,39.45,79.73,994.24
2024-03-05 23:24:51.499003,25.98,42.81,76.92,993.84
2024-03-05 23:24:54.647737,25.99,37.93,79.76,993.1
2024-03-05 23:24:57.749709,26.0,40.73,77.53,991.86
2024-03-05 23:25:00.871719,26.0,41.99,78.22,992.12
2024-03-05 23:25:03.996082,26.0,41.79,77.5,992.05
2024-03-05 23:25:07.142130,26.0,36.12,75.05,992.11
2024-03-05 23:25:10.243550,25.99,36.1,77.57,992.68
2024-03-05 23:25:13.345523,25.98,43.59,77.11,994.18
2024-03-05 23:25:16.463079,25.97,44.88,76.13,991.67
2024-03-05 23:25:19.570804,25.96,43.1,78.4,994.49
2024-03-05 23:25:22.671527,25.94,36.25,78.18,991.78
2024-03-05 23:25:25.813398,25.92,40.15,79.54,992.4
2024-03-05 23:25:28.914773,25.89,44.37,77.53,990.16
2024-03-05 23:25:32.037631,25.87,37.91,76.94,990.92
2024-03-05 23:25:35.137426,25.84,37.77,75.91,993.01
2024-03-05 23:25:38.237010,25.81,38.9,75.14,991.57
2024-03-05 23:25:41.380685,25.78,44.02,76.11,993.36
2024-03-05 23:25:44.481808,25.74,42.3,79.52,993.27
2024-03-05 23:25:47.601590,25.7,43.65,78.57,991.32
2024-03-05 23:25:50.704014,25.67,37.05,78.24,992.57
2024-03-05 23:25:53.806737,25.62,44.51,79.03,991.99
2024-03-05 23:25:56.955788,25.58,41.16,75.29,990.06
2024-03-05 23:26:00.337277,25.53,39.45,76.99,994.8
2024-03-05 23:26:03.463962,25.48,40.89,77.97,994.82
2024-03-05 23:26:06.593942,25.44,39.63,79.14,994.81
2024-03-05 23:26:09.717985,25.39,43.66,78.87,991.42
2024-03-05 23:26:12.873686,25.33,42.68,76.54,994.41
2024-03-05 23:26:16.036273,25.28,38.44,75.83,991.56
2024-03-05 23:26:19.145422,25.23,43.99,79.29,993.84
2024-03-05 23:26:22.255382,25.18,39.27,78.17,990.89
2024-03-05 23:26:25.354449,25.12,35.23,77.36,992.9
2024-03-05 23:26:28.499567,25.07,44.99,79.4,991.09
2024-03-05 23:26:31.622725,25.01,41.81,78.23,994.77
2024-03-05 23:26:34.732235,24.96,43.68,76.58,991.54
2024-03-05 23:26:37.839117,24.91,42.88,78.46,990.46
2024-03-05 23:26:40.979263,24.85,37.83,79.43,992.07
2024-03-05 23:26:44.108516,24.8,35.42,77.88,990.21
2024-03-05 23:26:47.242955,24.74,41.79,77.48,991.32
2024-03-05 23:26:50.347779,24.69,40.23,78.67,990.63
2024-03-05 23:26:53.455377,24.64,44.59,75.01,990.8
2024-03-05 23:26:56.596764,24.59,37.57,77.64,990.59
2024-03-05 23:26:59.700139,24.54,41.41,78.14,994.56
2024-03-05 23:27:02.820786,24.49,41.65,77.7,990.71
2024-03-05 23:27:05.925066,24.45,40.24,76.06,993.86
2024-03-05 23:27:09.068905,24.4,44.01,75.05,990.85
2024-03-05 23:27:12.174100,24.36,42.38,76.81,994.03
2024-03-05 23:27:15.504811,24.32,37.11,79.58,990.54
2024-03-05 23:27:18.821608,24.28,42.38,76.29,993.29
2024-03-05 23:27:21.927805,24.24,35.62,76.54,990.54
2024-03-05 23:27:25.066646,24.2,41.72,78.09,991.85
2024-03-05 23:27:28.170341,24.17,35.87,79.26,990.04
2024-03-05 23:27:31.295038,24.14,41.29,78.37,992.68
2024-03-05 23:27:34.396267,24.12,44.65,77.03,992.8
2024-03-05 23:27:37.501814,24.09,38.34,79.42,990.61
2024-03-05 23:27:40.651476,24.07,38.71,75.71,991.25
2024-03-05 23:27:43.755540,24.05,43.24,79.71,990.06
2024-03-05 23:27:46.883216,24.04,38.31,77.43,994.08
2024-03-05 23:27:50.011912,24.02,38.64,78.09,993.73
2024-03-05 23:27:53.120412,24.01,42.84,76.91,990.31
2024-03-05 23:27:56.278664,24.01,37.43,77.8,991.52
2024-03-05 23:27:59.380563,24.0,40.01,77.79,994.2
2024-03-05 23:28:02.513005,24.0,37.09,76.26,991.56
2024-03-05 23:28:05.620277,24.0,37.77,76.34,991.31
2024-03-05 23:28:08.726204,24.01,36.58,77.65,991.57
2024-03-05 23:28:11.883275,24.01,39.84,76.27,991.99
2024-03-05 23:28:14.985362,24.02,42.82,76.39,993.8
2024-03-05 23:28:18.107787,24.04,37.79,79.36,991.39
2024-03-05 23:28:21.212488,24.05,35.12,76.84,992.48
2024-03-05 23:28:24.315471,24.07,38.09,77.89,995.0
2024-03-05 23:28:27.477178,24.09,40.59,76.59,992.65
2024-03-05 23:28:30.584689,24.12,36.65,76.97,994.06
2024-03-05 23:28:33.711973,24.15,36.66,75.61,994.64
2024-03-05 23:28:36.817267,24.18,35.27,75.14,994.42
2024-03-05 23:28:39.919725,24.21,41.84,77.86,993.87
2024-03-05 23:28:43.065886,24.24,42.96,79.73,990.45
2024-03-05 23:28:46.293277,24.28,39.09,77.73,991.45
2024-03-05 23:28:49.613542,24.32,38.24,79.89,994.02
2024-03-05 23:28:52.718613,24.36,39.52,79.65,990.88
2024-03-05 23:28:55.865387,24.4,38.8,77.99,993.51
2024-03-05 23:28:58.974552,24.45,41.39,78.79,993.18
2024-03-05 23:29:02.097778,24.5,42.98,75.75,994.97
2024-03-05 23:29:05.205858,24.54,37.05,75.51,991.54
2024-03-05 23:29:08.308506,24.59,42.13,76.29,992.37
2024-03-05 23:29:11.448417,24.64,39.59,77.65,993.63
2024-03-05 23:29:14.556481,24.69,42.06,77.31,992.45
2024-03-05 23:29:17.688530,24.75,36.62,75.25,993.71
2024-03-05 23:29:20.799994,24.8,38.81,78.51,994.65
2024-03-05 23:29:23.947884,24.85,43.96,75.63,993.47
2024-03-05 23:29:27.055057,24.91,44.76,78.57,993.88
2024-03-05 23:29:30.160784,24.96,41.23,75.88,990.93
2024-03-05 23:29:33.285284,25.02,44.45,79.54,990.15
2024-03-05 23:29:36.435145,25.07,43.42,77.46,992.9
2024-03-05 23:29:39.537499,25.12,41.46,77.09,992.29
2024-03-05 23:29:42.644395,25.18,37.89,78.61,991.99
2024-03-05 23:29:45.750956,25.23,36.36,79.66,993.92
2024-03-05 23:29:48.895324,25.28,42.07,75.47,991.9
2024-03-05 23:29:52.016853,25.34,39.56,78.49,990.72
2024-03-05 23:29:55.183861,25.39,44.77,77.62,993.32
2024-03-05 23:29:58.300710,25.44,42.06,79.28,990.39
2024-03-05 23:30:01.822331,25.49,41.62,78.4,994.26
2024-03-05 23:30:05.012020,25.54,36.16,79.84,991.71
2024-03-05 23:30:08.126633,25.58,43.08,77.3,992.86
2024-03-05 23:30:11.231538,25.63,42.53,78.32,992.25
2024-03-05 23:30:14.335621,25.67,36.79,76.42,990.45
2024-03-05 23:30:17.460247,25.71,37.35,76.04,990.6
2024-03-05 23:30:20.577750,25.75,41.58,75.07,992.03
2024-03-05 23:30:23.687121,25.78,43.05,76.97,993.93
2024-03-05 23:30:26.791373,25.81,40.58,79.15,993.65
2024-03-05 23:30:29.896575,25.84,41.51,76.95,992.77
2024-03-05 23:30:33.042951,25.87,43.82,78.36,991.17
2024-03-05 23:30:36.196009,25.9,36.75,76.82,992.0
2024-03-05 23:30:39.298713,25.92,35.44,79.94,992.5
2024-03-05 23:30:42.406836,25.94,35.38,79.98,990.49
2024-03-05 23:30:45.517698,25.96,43.76,79.25,990.71
2024-03-05 23:30:48.726724,25.97,35.69,78.28,993.23
2024-03-05 23:30:51.834568,25.98,36.58,78.53,991.28
2024-03-05 23:30:54.944153,25.99,37.75,78.99,990.47
2024-03-05 23:30:58.050296,26.0,35.97,79.26,994.86
2024-03-05 23:31:01.194578,26.0,35.88,76.41,990.08
2024-03-05 23:31:04.319962,26.0,40.22,78.4,990.51
2024-03-05 23:31:07.441063,26.0,40.98,78.52,993.77
2024-03-05 23:31:10.548920,25.99,43.13,79.61,992.37
2024-03-05 23:31:13.700210,25.98,40.33,75.16,993.28
2024-03-05 23:31:16.804815,25.97,39.1,77.38,994.56
2024-03-05 23:31:19.933578,25.95,37.95,75.14,992.6
2024-03-05 23:31:23.045209,25.94,44.39,79.53,994.74
2024-03-05 23:31:26.198685,25.91,37.02,76.09,993.16
2024-03-05 23:31:29.309725,25.89,36.49,77.65,991.58
2024-03-05 23:31:32.747334,25.86,44.68,75.65,992.58
2024-03-05 23:31:35.889533,25.83,43.29,77.58,990.23
2024-03-05 23:31:38.999996,25.8,43.68,77.22,992.72
2024-03-05 23:31:42.155330,25.77,43.79,79.45,994.35
2024-03-05 23:31:45.265663,25.73,37.53,75.49,994.63
2024-03-05 23:31:48.394273,25.69,36.13,75.93,992.68
2024-03-05 23:31:51.500420,25.65,39.8,76.59,990.05
2024-03-05 23:31:54.644380,25.61,42.37,75.59,991.1
2024-03-05 23:31:57.766922,25.57,35.48,79.8,991.73
2024-03-05 23:32:00.879357,25.52,40.91,79.8,990.5
2024-03-05 23:32:04.016723,25.48,36.23,79.54,992.5
2024-03-05 23:32:07.124186,25.43,38.41,79.01,993.03
2024-03-05 23:32:10.239708,25.38,35.18,75.99,993.33
2024-03-05 23:32:13.347368,25.33,39.34,75.24,994.49
2024-03-05 23:32:16.451634,25.27,35.02,75.57,990.29
2024-03-05 23:32:19.585596,25.22,40.95,79.14,991.5
2024-03-05 23:32:22.799895,25.17,41.37,77.6,993.81
2024-03-05 23:32:25.909131,25.11,39.63,76.25,993.06
2024-03-05 23:32:29.026124,25.06,44.61,75.33,991.55
2024-03-05 23:32:32.132384,25.0,44.45,78.76,994.65
2024-03-05 23:32:35.268307,24.95,35.01,79.15,990.21
2024-03-05 23:32:38.388847,24.9,41.56,78.53,994.79
2024-03-05 23:32:41.548759,24.84,38.77,79.85,992.46
2024-03-05 23:32:44.687282,24.79,42.43,77.53,994.32
2024-03-05 23:32:47.809217,24.73,36.45,76.95,993.95
2024-03-05 23:32:50.943467,24.68,44.73,78.37,994.98
2024-03-05 23:32:54.103401,24.63,37.64,78.38,992.25
2024-03-05 23:32:57.212535,24.58,35.92,76.77,993.05
2024-03-05 23:33:00.326315,24.53,42.37,77.03,993.76
2024-03-05 23:33:03.859888,24.48,42.91,75.41,993.66
2024-03-05 23:33:07.000935,24.43,42.97,79.06,992.68
2024-03-05 23:33:10.118070,24.39,39.93,78.76,992.46
2024-03-05 23:33:13.658210,24.34,38.79,79.65,991.2
2024-03-05 23:33:16.917106,24.3,40.16,79.4,993.13
2024-03-05 23:33:20.367225,24.26,42.97,77.67,992.73
2024-03-05 23:33:23.520533,24.22,39.15,78.22,994.02
2024-03-05 23:33:26.637901,24.19,38.05,75.4,994.99
2024-03-05 23:33:29.750685,24.16,37.4,76.38,990.69
2024-03-05 23:33:32.919691,24.13,43.9,75.66,994.06
2024-03-05 23:33:36.057178,24.1,43.25,75.06,993.45
2024-03-05 23:33:39.181265,24.08,42.38,76.01,992.75
2024-03-05 23:33:42.335777,24.06,43.41,78.5,994.65
2024-03-05 23:33:45.462709,24.04,44.01,78.15,990.67
2024-03-05 23:33:48.764126,24.03,35.55,75.09,990.34
2024-03-05 23:33:52.202823,24.02,43.91,77.83,990.39
2024-03-05 23:33:55.365939,24.01,40.63,79.04,994.28
2024-03-05 23:33:58.482892,24.0,41.55,79.94,991.01
2024-03-05 23:34:01.600672,24.0,42.64,75.65,994.34
2024-03-05 23:34:04.738971,24.0,44.76,77.72,994.56
2024-03-05 23:34:07.854948,24.0,44.98,76.24,994.61
2024-03-05 23:34:10.967431,24.01,43.22,78.94,994.65
2024-03-05 23:34:14.089059,24.02,40.38,79.87,993.52
2024-03-05 23:34:17.205587,24.03,43.29,75.61,993.35
2024-03-05 23:34:20.343538,24.05,37.82,79.71,991.25
2024-03-05 23:34:23.559416,24.07,37.63,79.33,990.16
2024-03-05 23:34:26.692915,24.09,42.58,77.36,991.81
2024-03-05 23:34:29.808284,24.11,38.87,76.92,993.96
2024-03-05 23:34:32.924670,24.14,36.53,77.91,994.77
2024-03-05 23:34:36.105112,24.17,35.5,76.58,991.74
2024-03-05 23:34:39.225155,24.2,44.64,78.27,992.82
2024-03-05 23:34:42.368689,24.23,44.96,77.24,990.05
2024-03-05 23:34:45.985403,24.28,42.09,76.17,990.47
2024-03-05 23:34:49.144198,24.31,41.34,78.76,990.77
2024-03-05 23:34:52.260916,24.36,42.14,76.8,992.61
2024-03-05 23:34:55.561870,24.4,41.9,76.86,990.88
2024-03-05 23:34:59.023264,24.45,35.31,78.04,994.51
2024-03-05 23:35:02.138957,24.5,38.47,76.27,993.89
2024-03-05 23:35:05.252596,24.54,35.91,75.45,994.15
2024-03-05 23:35:08.406334,24.59,39.08,77.07,990.38
2024-03-05 23:35:11.524316,24.64,39.09,76.8,994.8
2024-03-05 23:35:14.654135,24.7,37.2,76.41,992.07
2024-03-05 23:35:17.765732,24.75,43.7,76.49,991.48
2024-03-05 23:35:20.918898,24.8,35.48,77.5,991.2
2024-03-05 23:35:24.034290,24.85,39.92,78.46,994.74
2024-03-05 23:35:27.149432,24.91,35.74,79.72,990.58
2024-03-05 23:35:30.283627,24.96,36.27,78.54,994.48
2024-03-05 23:35:33.431221,25.02,40.83,77.36,991.61
2024-03-05 23:35:36.545458,25.07,43.52,75.56,990.12
2024-03-05 23:35:39.658496,25.13,36.73,75.36,992.21
2024-03-05 23:35:43.192873,25.19,41.03,75.48,990.06
2024-03-05 23:35:46.332742,25.24,37.2,75.44,991.26
2024-03-05 23:35:49.455503,25.29,39.83,75.3,994.85
2024-03-05 23:35:52.567576,25.34,37.0,76.62,993.74
2024-03-05 23:35:55.680293,25.4,39.14,75.09,994.65
2024-03-05 23:35:58.814078,25.44,41.81,78.49,990.89
2024-03-05 23:36:01.933243,25.49,42.68,78.56,992.78
2024-03-05 23:36:05.094605,25.54,43.47,75.78,992.87
2024-03-05 23:36:08.211397,25.59,43.32,75.39,994.69
2024-03-05 23:36:11.323420,25.63,37.64,76.81,991.2
2024-03-05 23:36:14.463802,25.67,44.67,79.48,994.91
2024-03-05 23:36:17.580984,25.71,43.05,79.64,994.69
2024-03-05 23:36:20.694820,25.75,35.27,76.81,991.81
2024-03-05 23:36:23.811716,25.78,45.0,77.2,992.37
2024-03-05 23:36:26.966886,25.81,44.7,75.3,993.92
2024-03-05 23:36:30.132191,25.85,37.28,79.46,993.96
2024-03-05 23:36:33.255140,25.87,39.62,75.34,990.29
2024-03-05 23:36:36.373021,25.9,37.96,79.89,991.89
2024-03-05 23:36:39.573480,25.92,39.48,77.43,992.98
2024-03-05 23:36:42.968790,25.94,41.63,76.5,993.13
2024-03-05 23:36:46.309591,25.96,38.98,79.64,991.02
2024-03-05 23:36:49.475981,25.97,38.03,77.91,990.54
2024-03-05 23:36:52.592038,25.99,38.75,79.97,994.67
2024-03-05 23:36:55.705452,25.99,39.71,75.55,991.56
2024-03-05 23:36:58.840703,26.0,43.63,76.11,990.52
2024-03-05 23:37:01.953424,26.0,41.44,77.32,990.48
2024-03-05 23:37:05.114983,26.0,42.44,77.86,993.23
2024-03-05 23:37:08.231736,25.99,39.47,78.2,993.7
2024-03-05 23:37:11.343073,25.99,35.58,75.42,991.49
2024-03-05 23:37:14.528451,25.98,39.82,79.17,992.02
2024-03-05 23:37:17.646656,25.96,38.48,78.63,994.51
2024-03-05 23:37:20.759865,25.95,36.7,79.07,990.99
2024-03-05 23:37:23.914911,25.93,37.58,79.76,990.47
2024-03-05 23:37:27.028414,25.91,38.76,77.65,992.1
2024-03-05 23:37:30.160853,25.88,36.97,78.37,993.47
2024-03-05 23:37:33.271816,25.86,38.43,76.03,990.76
2024-03-05 23:37:36.434385,25.83,37.37,79.8,994.62
2024-03-05 23:37:39.555206,25.8,42.3,78.56,990.3
2024-03-05 23:37:42.752225,25.76,37.33,75.05,993.51
2024-03-05 23:37:46.200193,25.72,44.5,75.65,993.61
2024-03-05 23:37:49.356050,25.68,36.74,77.76,992.82
2024-03-05 23:37:52.471873,25.64,35.19,77.15,990.04
2024-03-05 23:37:55.589753,25.6,35.36,79.1,991.65
2024-03-05 23:37:58.844538,25.55,42.74,79.7,994.16
2024-03-05 23:38:02.031698,25.51,43.81,75.57,994.89
2024-03-05 23:38:05.188937,25.46,35.76,77.53,991.34
2024-03-05 23:38:08.304581,25.41,44.84,78.93,991.35
2024-03-05 23:38:11.426033,25.36,40.75,77.6,994.43
2024-03-05 23:38:14.523176,25.31,41.19,77.89,990.56
2024-03-05 23:38:17.613438,25.26,42.14,75.77,991.18
2024-03-05 23:38:20.735473,25.2,40.73,75.61,991.19
2024-03-05 23:38:23.816945,25.15,43.97,77.18,994.86
2024-03-05 23:38:26.897697,25.1,42.61,78.39,994.44
2024-03-05 23:38:30.003233,25.04,38.16,79.66,990.69
2024-03-05 23:38:33.118485,24.99,40.26,76.84,994.27
2024-03-05 23:38:36.197629,24.93,41.96,78.79,993.97
2024-03-05 23:38:39.277396,24.88,42.64,79.44,992.57
2024-03-05 23:38:42.389587,24.83,43.13,76.8,991.42
2024-03-05 23:38:45.573872,24.77,35.64,75.52,993.46
2024-03-05 23:38:48.690261,24.72,41.85,77.51,994.14
2024-03-05 23:38:51.806618,24.67,36.67,76.25,993.08
2024-03-05 23:38:54.971545,24.62,38.77,77.9,992.85
2024-03-05 23:38:58.091816,24.57,39.57,75.18,993.49
2024-03-05 23:39:01.212977,24.52,44.99,79.39,991.38
2024-03-05 23:39:04.336694,24.47,38.43,77.04,993.05
2024-03-05 23:39:07.538773,24.42,39.36,79.35,994.95
2024-03-05 23:39:10.665257,24.38,37.11,79.54,994.96
2024-03-05 23:39:13.781805,24.34,36.42,77.05,991.11
2024-03-05 23:39:16.901775,24.3,37.42,75.14,994.64
2024-03-05 23:39:20.756174,24.25,39.69,76.41,990.34
2024-03-05 23:39:24.042130,24.22,44.52,79.4,993.7
2024-03-05 23:39:27.266950,24.18,38.27,76.81,990.63
2024-03-05 23:39:30.536192,24.15,35.01,78.94,991.95
2024-03-05 23:39:33.853374,24.12,37.19,77.5,994.15
2024-03-05 23:39:37.003927,24.1,42.25,78.35,994.83
2024-03-05 23:39:40.128156,24.07,36.21,78.48,991.03
2024-03-05 23:39:43.245262,24.06,37.2,75.93,993.1
2024-03-05 23:39:46.361646,24.04,44.41,75.15,991.44
2024-03-05 23:39:49.541942,24.03,41.5,79.94,991.68
2024-03-05 23:39:52.662409,24.01,44.25,75.79,992.64
2024-03-05 23:39:55.782912,24.01,36.48,76.35,990.41
2024-03-05 23:39:58.899514,24.0,41.98,75.39,992.64
2024-03-05 23:40:02.061998,24.0,42.98,76.12,991.0
2024-03-05 23:40:05.198826,24.0,37.76,79.52,990.64
2024-03-05 23:40:08.350062,24.01,42.0,75.1,994.41
2024-03-05 23:40:11.504647,24.01,42.86,78.27,991.98
2024-03-05 23:40:14.625006,24.02,44.55,75.28,993.63
2024-03-05 23:40:17.740853,24.04,41.12,76.62,990.6
2024-03-05 23:40:20.880951,24.05,40.47,75.69,991.76
2024-03-05 23:40:23.998012,24.07,41.12,79.03,994.58
2024-03-05 23:40:27.114547,24.09,37.66,79.29,990.38
2024-03-05 23:40:30.229298,24.12,35.6,78.81,991.62
2024-03-05 23:40:33.400557,24.14,35.06,75.46,991.91
2024-03-05 23:40:36.544725,24.17,39.85,76.09,990.15
2024-03-05 23:40:39.667964,24.2,44.63,77.76,990.84
2024-03-05 23:40:42.786846,24.24,39.52,79.9,994.44
2024-03-05 23:40:45.951653,24.28,40.39,75.46,993.88
2024-03-05 23:40:49.407944,24.32,37.33,75.54,993.74
2024-03-05 23:40:52.554153,24.36,41.97,75.5,990.81
2024-03-05 23:40:55.672471,24.4,38.98,75.31,990.13
2024-03-05 23:40:58.797125,24.45,43.07,76.89,993.36
2024-03-05 23:41:01.916659,24.49,43.89,75.01,990.93
2024-03-05 23:41:05.074202,24.54,43.81,76.81,991.03
2024-03-05 23:41:08.248100,24.59,41.04,78.19,991.17
2024-03-05 23:41:11.369946,24.64,43.3,79.63,992.29
2024-03-05 23:41:14.485579,24.69,35.2,75.57,992.35
2024-03-05 23:41:17.646555,24.75,39.38,77.86,994.02
2024-03-05 23:41:20.767174,24.8,42.3,79.56,993.98
2024-03-05 23:41:23.998602,24.85,39.57,78.72,992.34
2024-03-05 23:41:27.425843,24.91,43.41,76.39,990.13
2024-03-05 23:41:30.866906,24.97,44.47,78.78,991.85
2024-03-05 23:41:34.159414,25.03,44.08,78.03,991.64
2024-03-05 23:41:37.318658,25.09,43.07,75.38,994.34
2024-03-05 23:41:40.458682,25.14,42.43,79.54,993.73
2024-03-05 23:41:43.692294,25.2,36.03,77.54,991.45
2024-03-05 23:41:46.832941,25.25,41.76,78.4,994.62
2024-03-05 23:41:49.970765,25.3,39.95,77.65,992.16
2024-03-05 23:41:53.278769,25.36,35.11,77.22,993.14
2024-03-05 23:41:56.425250,25.41,38.04,78.14,993.06
2024-03-05 23:41:59.553430,25.46,38.19,76.75,992.99
2024-03-05 23:42:02.674260,25.5,40.65,76.94,991.8
2024-03-05 23:42:05.830404,25.55,36.16,79.04,990.8
2024-03-05 23:42:08.963288,25.6,39.07,78.82,991.19
2024-03-05 23:42:12.086654,25.64,42.68,77.09,992.04
2024-03-05 23:42:15.225007,25.68,38.88,77.47,991.4
2024-03-05 23:42:18.387222,25.72,40.2,78.28,990.75
2024-03-05 23:42:21.505324,25.76,38.8,76.59,994.92
2024-03-05 23:42:24.651656,25.79,40.49,79.05,994.06
2024-03-05 23:42:27.782951,25.82,39.39,76.86,992.61
2024-03-05 23:42:30.915011,25.85,40.44,77.81,990.71
2024-03-05 23:42:34.035578,25.88,40.89,79.8,990.09
2024-03-05 23:42:37.201798,25.9,42.47,78.92,991.62
2024-03-05 23:42:40.330472,25.93,37.9,77.86,993.15
2024-03-05 23:42:43.468990,25.95,40.97,76.84,990.97
2024-03-05 23:42:46.691809,25.96,42.63,76.84,993.28
2024-03-05 23:42:49.845989,25.98,41.57,77.45,991.35
2024-03-05 23:42:52.937546,25.99,44.39,79.1,991.17
2024-03-05 23:42:56.333073,25.99,35.78,77.52,990.21
2024-03-05 23:42:59.474525,26.0,36.85,75.14,990.69
2024-03-05 23:43:02.557317,26.0,37.87,78.93,993.37
2024-03-05 23:43:05.641327,26.0,39.03,75.26,994.37
2024-03-05 23:43:08.768924,25.99,40.23,75.74,993.74
2024-03-05 23:43:11.865369,25.99,42.12,77.86,990.8
2024-03-05 23:43:14.950499,25.98,42.0,77.52,993.98
2024-03-05 23:43:18.071388,25.96,43.61,79.56,992.46
2024-03-05 23:43:21.157203,25.95,38.45,75.75,993.04
2024-03-05 23:43:24.239544,25.93,35.47,78.14,992.74
2024-03-05 23:43:27.339239,25.91,43.09,77.06,991.8
2024-03-05 23:43:30.470774,25.88,39.44,77.22,994.55
2024-03-05 23:43:33.563778,25.86,44.57,79.77,992.34
2024-03-05 23:43:36.653943,25.83,37.5,76.47,991.62
2024-03-05 23:43:39.778675,25.79,43.36,79.26,992.2
2024-03-05 23:43:42.877365,25.76,37.63,75.87,990.61
2024-03-05 23:43:46.004581,25.72,39.42,75.36,991.72
2024-03-05 23:43:49.087657,25.69,41.85,78.04,990.86
2024-03-05 23:43:52.173022,25.65,42.92,78.63,991.71
2024-03-05 23:43:55.274500,25.6,36.62,78.98,993.6
2024-03-05 23:43:58.421678,25.56,40.0,76.4,990.68
2024-03-05 23:44:01.510434,25.51,43.31,76.38,992.73
2024-03-05 23:44:04.593638,25.47,39.07,79.55,991.25
2024-03-05 23:44:07.716849,25.42,38.45,78.07,990.78
2024-03-05 23:44:10.803893,25.37,36.34,77.85,991.55
2024-03-05 23:44:13.905863,25.32,43.9,75.74,993.18
2024-03-05 23:44:16.990328,25.27,39.09,76.96,991.6
2024-03-05 23:44:20.115231,25.21,44.45,77.79,991.15
2024-03-05 23:44:23.201861,25.16,43.08,78.31,993.56
2024-03-05 23:44:26.512877,25.1,36.22,77.47,992.46
2024-03-05 23:44:29.628445,25.05,44.94,79.98,994.95
2024-03-05 23:44:32.714439,24.99,42.13,77.14,994.22
2024-03-05 23:44:35.805338,24.94,42.45,78.04,992.59
2024-03-05 23:44:38.895958,24.89,44.72,79.06,994.08
2024-03-05 23:44:42.043323,24.83,42.86,78.67,992.54
2024-03-05 23:44:45.133283,24.78,36.92,79.58,992.02
2024-03-05 23:44:48.218086,24.73,37.03,75.83,990.66
2024-03-05 23:44:51.350934,24.68,35.66,78.82,993.88
2024-03-05 23:44:54.437359,24.62,38.08,76.25,993.99
2024-03-05 23:44:57.536680,24.58,44.91,75.62,994.71
2024-03-05 23:45:00.620850,24.53,44.72,76.7,992.35
2024-03-05 23:45:03.796088,24.48,41.52,77.36,994.5
2024-03-05 23:45:06.884923,24.43,43.7,77.28,990.37
2024-03-05 23:45:09.971206,24.39,42.32,77.33,994.31
2024-03-05 23:45:13.106969,24.35,44.99,79.27,992.43
2024-03-05 23:45:16.194525,24.31,39.29,79.24,994.37
2024-03-05 23:45:19.317399,24.27,37.09,78.46,990.61
2024-03-05 23:45:22.402244,24.23,39.17,77.03,994.34
2024-03-05 23:45:25.486579,24.2,43.57,77.18,993.52
2024-03-05 23:45:28.585588,24.17,43.42,79.82,991.12
2024-03-05 23:45:31.673171,24.14,37.36,76.86,990.58
2024-03-05 23:45:34.765918,24.11,40.47,77.14,991.27
2024-03-05 23:45:47.351173,25.0,37.39,79.24,993.25
2024-03-05 23:45:50.441660,25.06,42.69,77.93,993.05
2024-03-05 23:45:53.523032,25.11,42.99,77.6,993.5
2024-03-05 23:45:56.696414,25.16,44.58,77.63,994.72
2024-03-05 23:46:00.364670,25.23,42.06,79.5,991.21
2024-03-05 23:46:03.535988,25.28,43.21,79.24,993.69
2024-03-05 23:46:06.664375,25.33,39.1,76.89,992.3
2024-03-05 23:46:09.818491,25.38,40.17,77.06,991.7
2024-03-05 23:46:12.966064,25.43,38.5,75.32,990.55
2024-03-05 23:46:16.056968,25.48,35.81,78.21,991.36
2024-03-05 23:46:19.138835,25.53,37.84,77.25,991.52
2024-03-05 23:46:22.226683,25.57,40.2,75.64,994.81
2024-03-05 23:46:25.337149,25.62,43.46,78.26,994.26
2024-03-05 23:46:28.433520,25.66,43.4,75.92,991.0
2024-03-05 23:46:31.516926,25.7,43.8,75.55,993.89
2024-03-05 23:46:34.601923,25.74,39.66,75.77,991.35
2024-03-05 23:46:37.683374,25.77,35.69,75.15,991.58
2024-03-05 23:46:40.843145,25.8,36.05,78.85,990.37
2024-03-05 23:46:43.958978,25.84,38.13,76.43,992.45
2024-03-05 23:46:47.119306,25.87,41.67,76.53,991.52
2024-03-05 23:46:50.205690,25.89,38.94,75.76,991.82
2024-03-05 23:46:53.290629,25.91,37.96,78.64,991.2
2024-03-05 23:46:56.376129,25.93,38.29,77.98,994.81
2024-03-05 23:46:59.547224,25.95,42.56,75.69,992.37
2024-03-05 23:47:02.631036,25.97,37.33,77.85,992.97
2024-03-05 23:47:05.715156,25.98,38.03,75.19,992.3
2024-03-05 23:47:08.838770,25.99,41.98,78.19,991.67
2024-03-05 23:47:12.275293,26.0,43.49,76.55,993.3
2024-03-05 23:47:15.455410,26.0,44.24,76.88,994.89
2024-03-05 23:47:18.578468,26.0,38.83,78.76,994.82
2024-03-05 23:47:21.669460,26.0,38.63,75.58,994.49
2024-03-05 23:47:24.786142,25.99,36.01,79.33,993.99
2024-03-05 23:47:27.887412,25.98,37.78,79.95,994.25
2024-03-05 23:47:30.972544,25.97,40.1,79.03,993.86
2024-03-05 23:47:34.054969,25.96,43.41,76.03,991.91
2024-03-05 23:47:37.141462,25.94,40.6,79.87,991.44
2024-03-05 23:47:40.229588,25.92,40.66,77.99,991.16
2024-03-05 23:47:43.400827,25.9,36.82,76.83,994.66
2024-03-05 23:47:46.494260,25.87,41.58,76.08,994.54
2024-03-05 23:47:49.635046,25.84,44.17,77.13,991.26
2024-03-05 23:47:52.737555,25.81,36.22,78.98,994.22
2024-03-05 23:47:55.831558,25.78,43.37,77.51,992.67
2024-03-05 23:47:58.947394,25.75,44.37,77.41,993.57
2024-03-05 23:48:02.076023,25.71,42.72,79.28,990.89
2024-03-05 23:48:05.160385,25.67,44.58,78.54,990.27
2024-03-05 23:48:08.280883,25.63,37.93,79.27,992.68
2024-03-05 23:48:11.363530,25.59,36.28,75.62,992.24
2024-03-05 23:48:14.461470,25.54,36.39,78.88,994.56
2024-03-05 23:48:17.589409,25.49,37.64,79.28,992.99
2024-03-05 23:48:20.675568,25.45,42.3,77.94,993.14
2024-03-05 23:48:23.762004,25.4,40.12,75.47,990.44
2024-03-05 23:48:26.894975,25.35,39.45,75.69,994.31
2024-03-05 23:48:29.993664,25.3,36.94,76.93,991.48
2024-03-05 23:48:33.077529,25.24,37.18,79.11,992.09
2024-03-05 23:48:36.201943,25.19,43.34,77.98,991.54
2024-03-05 23:48:39.289442,25.14,40.3,79.46,992.24
2024-03-05 23:48:42.394213,25.08,38.68,79.94,990.33
2024-03-05 23:48:44.236435,25.0,44.8,80.0,992.49
2024-03-05 23:48:47.443992,25.06,42.5,78.33,992.15
2024-03-05 23:48:51.147402,25.12,37.35,75.94,991.43
2024-03-05 23:48:54.236221,25.18,44.41,76.39,993.53
2024-03-05 23:48:57.359856,25.23,38.04,77.33,994.19
2024-03-05 23:49:00.450223,25.28,36.97,77.26,994.52
2024-03-05 23:49:03.538796,25.33,38.01,75.08,994.11
2024-03-05 23:49:06.855617,25.39,42.43,78.52,991.74
2024-03-05 23:49:10.305315,25.44,37.11,75.25,990.95
2024-03-05 23:49:13.789997,25.49,39.92,75.83,992.45
2024-03-05 23:49:17.076395,25.54,43.49,75.2,992.18
2024-03-05 23:49:20.238026,25.59,44.92,75.66,990.85
2024-03-05 23:49:23.516448,25.63,38.58,77.01,993.69
2024-03-05 23:49:26.677472,25.68,37.97,79.32,992.3
2024-03-05 23:49:29.842894,25.72,35.92,76.88,993.72
2024-03-05 23:49:32.966847,25.75,42.62,76.66,994.09
2024-03-05 23:49:36.169098,25.79,35.97,79.39,991.11
2024-03-05 23:49:39.382810,25.82,36.52,79.39,990.3
2024-03-05 23:49:42.504947,25.85,44.69,77.93,991.47
2024-03-05 23:49:45.670957,25.88,39.1,76.44,990.76
2024-03-05 23:49:48.797499,25.9,36.21,77.8,992.63
2024-03-05 23:49:51.997476,25.93,35.24,76.11,994.25
2024-03-05 23:49:55.126894,25.95,38.54,79.2,991.5
2024-03-05 23:49:58.643659,25.96,43.17,79.4,990.87
2024-03-05 23:50:01.978802,25.98,41.61,77.64,994.84
2024-03-05 23:50:05.161692,25.99,39.75,79.79,992.72
2024-03-05 23:50:08.291859,25.99,41.47,75.48,994.01
2024-03-05 23:50:11.652757,26.0,41.2,79.3,991.86
2024-03-05 23:50:15.140448,26.0,43.23,75.33,991.4
2024-03-05 23:50:18.306919,26.0,43.54,79.49,991.35
2024-03-05 23:50:21.478777,25.99,36.38,78.87,990.79
2024-03-05 23:50:24.607516,25.98,38.5,76.07,993.31
2024-03-05 23:50:27.735443,25.97,40.05,75.17,992.58
2024-03-05 23:50:30.885070,25.96,42.38,79.5,990.96
2024-03-05 23:50:34.012676,25.94,39.09,79.83,991.37
2024-03-05 23:50:37.177916,25.92,39.73,78.77,990.21
2024-03-05 23:50:40.308299,25.9,41.53,76.91,993.45
2024-03-05 23:50:43.724610,25.87,37.67,78.95,992.48
2024-03-05 23:50:47.209867,25.84,44.39,79.37,992.86
2024-03-05 23:50:50.339444,25.81,42.92,78.2,992.96
2024-03-05 23:50:53.469579,25.77,37.64,75.04,992.0
2024-03-05 23:50:56.639661,25.74,40.79,75.58,991.52
2024-03-05 23:50:59.902735,25.7,43.99,79.94,992.75
2024-03-05 23:51:03.434578,25.65,37.29,79.92,992.26
2024-03-05 23:51:06.856711,25.61,41.74,78.29,990.41
2024-03-05 23:51:10.230048,25.56,37.01,76.13,991.31
2024-03-05 23:51:13.358521,25.51,36.27,79.18,991.21
2024-03-05 23:51:16.505288,25.46,39.59,75.41,994.49
2024-03-05 23:51:19.637665,25.41,41.1,76.27,994.22
2024-03-05 23:51:22.773224,25.36,44.25,77.74,993.42
2024-03-05 23:51:25.942234,25.31,42.77,75.28,992.31
2024-03-05 23:51:29.518333,25.25,38.0,78.47,990.69
2024-03-05 23:51:32.672767,25.2,35.41,75.21,991.19
2024-03-05 23:51:35.810433,25.15,38.15,79.63,990.9
2024-03-05 23:51:38.960187,25.09,38.13,77.04,993.47
2024-03-05 23:51:42.094869,25.04,39.03,76.33,993.69
2024-03-05 23:51:45.335593,24.98,44.96,79.88,991.77
2024-03-05 23:51:48.462778,24.92,40.94,77.47,991.55
2024-03-05 23:51:51.628023,24.87,42.54,77.96,994.73
2024-03-05 23:51:54.783925,24.82,35.92,79.35,990.64
2024-03-05 23:51:57.935118,24.76,40.37,76.85,992.38
2024-03-05 23:52:01.112337,24.71,39.82,77.31,993.27
2024-03-05 23:52:04.205966,24.66,42.03,77.03,992.28
2024-03-05 23:52:07.349570,24.61,41.72,78.94,990.93
2024-03-05 23:52:10.441315,24.56,38.61,77.22,990.59
2024-03-05 23:52:13.530733,24.51,39.83,78.06,994.57
2024-03-05 23:52:16.663823,24.46,39.66,79.75,991.82
2024-03-05 23:52:19.752136,24.42,42.44,75.19,994.44
2024-03-05 23:52:23.102160,24.37,41.08,79.41,990.2
2024-03-05 23:52:26.270072,24.33,39.68,77.82,994.31
2024-03-05 23:52:29.447599,24.29,36.15,79.72,992.39
2024-03-05 23:52:32.883679,24.25,45.0,79.76,992.31
2024-03-05 23:52:36.173645,24.21,37.88,77.24,991.0
2024-03-05 23:52:39.576798,24.18,42.07,76.06,991.11
2024-03-05 23:52:42.728825,24.15,44.72,78.65,993.59
2024-03-05 23:52:46.841795,24.11,38.54,75.06,991.17
2024-03-05 23:52:49.976273,24.09,39.05,77.36,992.67
2024-03-05 23:52:53.105760,24.07,35.69,76.82,992.87
2024-03-05 23:52:56.257864,24.05,44.3,75.4,994.26
2024-03-05 23:52:59.661327,24.03,43.07,76.44,994.79
2024-03-05 23:53:02.815166,24.02,39.69,76.99,994.02
2024-03-05 23:53:05.995079,24.01,36.45,76.74,994.96
2024-03-05 23:53:09.122406,24.0,40.42,79.34,991.84
2024-03-05 23:53:12.248288,24.0,41.32,78.31,992.9
2024-03-05 23:53:15.397435,24.0,40.53,78.68,992.68
2024-03-05 23:53:18.526507,24.0,42.13,76.51,990.39
2024-03-05 23:53:21.741114,24.01,39.46,77.77,990.22
2024-03-05 23:53:24.877230,24.02,36.25,76.91,991.58
2024-03-05 23:53:28.005780,24.03,38.81,78.93,993.6
2024-03-05 23:53:31.157019,24.04,44.37,78.42,992.94
2024-03-05 23:53:34.331472,24.06,44.13,76.1,990.63
2024-03-05 23:53:37.506436,24.08,38.31,78.4,993.88
2024-03-05 23:53:40.664344,24.11,42.67,77.4,994.6
2024-03-05 23:53:43.846516,24.13,44.77,79.36,990.26
2024-03-05 23:53:46.999118,24.16,38.83,78.54,994.82
2024-03-05 23:53:50.129227,24.19,42.61,79.82,990.24
2024-03-05 23:53:53.258575,24.22,42.6,77.85,994.37
2024-03-05 23:53:56.465176,24.26,39.9,78.59,990.02
2024-03-05 23:53:59.909593,24.3,43.46,75.15,993.8
2024-03-05 23:54:03.220886,24.34,36.97,77.2,994.03
2024-03-05 23:54:06.349423,24.39,43.96,75.83,990.97
2024-03-05 23:54:09.484202,24.43,44.1,76.11,993.19
2024-03-05 23:54:12.654195,24.48,43.47,78.14,990.39
2024-03-05 23:54:15.806369,24.53,44.71,79.09,992.87
2024-03-05 23:54:18.937564,24.57,36.11,78.22,992.86
2024-03-05 23:54:22.110642,24.62,36.47,78.92,991.18
2024-03-05 23:54:25.271498,24.68,38.43,78.3,991.81
2024-03-05 23:54:28.450493,24.73,35.16,78.88,994.51
2024-03-05 23:54:31.598126,24.78,43.59,76.3,994.88
2024-03-05 23:54:34.769173,24.84,40.85,75.22,994.87
2024-03-05 23:54:37.897897,24.89,42.15,78.85,992.36
2024-03-05 23:54:41.040542,24.95,43.55,76.75,993.09
2024-03-05 23:54:44.215627,25.0,35.82,76.66,994.08
2024-03-05 23:54:47.407412,25.06,44.98,76.87,993.9
2024-03-05 23:54:50.547653,25.11,37.33,75.64,992.78
2024-03-05 23:54:53.725609,25.17,36.39,75.47,991.53
2024-03-05 23:54:56.858159,25.22,37.91,77.47,993.04
2024-03-05 23:55:00.340094,25.28,41.44,78.3,993.44
2024-03-05 23:55:03.497931,25.33,36.42,75.47,994.02
2024-03-05 23:55:06.626931,25.38,35.54,75.35,994.38
2024-03-05 23:55:09.802772,25.43,37.31,78.56,991.71
2024-03-05 23:55:12.932102,25.48,37.79,78.32,992.01
2024-03-05 23:55:16.090848,25.53,42.59,77.79,990.78
2024-03-05 23:55:19.271104,25.58,43.41,79.06,990.35
2024-03-05 23:55:22.411311,25.62,36.36,78.64,995.0
2024-03-05 23:55:25.585725,25.66,36.7,78.03,992.25
2024-03-05 23:55:28.720589,25.7,41.4,77.29,992.15
2024-03-05 23:55:31.879916,25.74,41.73,76.55,990.2
2024-03-05 23:55:35.068745,25.78,39.4,75.27,991.49
2024-03-05 23:55:38.199942,25.81,35.71,79.71,994.61
2024-03-05 23:55:41.378679,25.84,37.24,77.64,990.59
2024-03-05 23:55:44.515324,25.87,43.18,76.43,994.42
2024-03-05 23:55:47.665757,25.9,38.3,75.85,990.45
2024-03-05 23:55:50.799882,25.92,43.61,76.46,993.33
2024-03-05 23:55:53.931700,25.94,37.13,75.68,991.22
2024-03-05 23:55:57.104562,25.96,43.17,76.37,991.11
2024-03-05 23:56:00.467827,25.97,37.35,76.2,990.07
2024-03-05 23:56:03.681018,25.98,36.1,79.3,991.74
2024-03-05 23:56:06.858333,25.99,40.53,78.76,993.59
2024-03-05 23:56:10.005587,26.0,44.32,77.92,991.69
2024-03-05 23:56:13.181552,26.0,41.8,77.12,993.38
2024-03-05 23:56:16.336033,26.0,42.8,76.91,991.4
2024-03-05 23:56:19.594331,26.0,37.28,75.52,991.67
2024-03-05 23:56:22.738734,25.99,41.96,76.69,991.07
2024-03-05 23:56:25.912966,25.98,44.77,77.6,993.48
2024-03-05 23:56:29.044102,25.97,39.92,78.25,994.07
2024-03-05 23:56:32.197656,25.95,37.79,75.89,994.32
2024-03-05 23:56:35.326336,25.93,40.39,75.05,994.08
2024-03-05 23:56:38.460469,25.91,43.07,78.02,994.76
2024-03-05 23:56:41.639302,25.89,38.39,75.34,994.55
2024-03-05 23:56:45.086074,25.86,37.37,79.37,991.3
2024-03-05 23:56:48.462258,25.83,39.19,75.48,991.29
2024-03-05 23:56:51.703394,25.79,37.53,77.84,991.26
2024-03-05 23:56:54.887676,25.76,40.03,79.31,991.73
2024-03-05 23:56:58.021054,25.72,37.1,77.14,994.51
2024-03-05 23:57:01.223225,25.68,41.72,75.73,993.23
2024-03-05 23:57:04.359185,25.64,35.38,76.26,992.92
